{
    "loss": 2.0002076625823975,
    "accuracy": 0.8793103694915771
}